,name,bus1Name,bus2Name,phases1,phases2,length_km,switch,conductorLabel,trafo,name_bus1,phases,voltage_kv,voltageMax_pu,voltageMin_pu,coordinateX,coordinateY,name_bus2,phases_bus2,voltage_kv_bus2,voltageMax_pu_bus2,voltageMin_pu_bus2,coordinateX_bus2,coordinateY_bus2
0,sb1_p4rhs8_1247_35,sb1_p4rhs8_1247_bus_1_2,p4rdt354-p4rhs8_1247x,123,123,0.001511744,n,3p_oh_code_3,False,sb1_p4rhs8_1247_bus_1_2,123,12.47,1.05,0.95,-121.1449124608368,36.48312652953937,p4rdt354-p4rhs8_1247x,123,12.47,1.05,0.95,-121.14453520435887,36.483025275964415
1,sb1_p4rhs8_1247_33,sb1_p4rhs8_1247_node_1_5,sb1_p4rhs8_1247_node_1_6,123,123,0.001,y,breaker_13kv_3,False,sb1_p4rhs8_1247_node_1_5,123,12.47,1.05,0.95,-121.14435856318445,36.48335637955773,sb1_p4rhs8_1247_node_1_6,123,12.47,1.05,0.95,-121.14436083778132,36.48326102885563
2,sb1_p4rhs8_1247_350,sb1_p4rhs8_1247_node_1_5,sb1_p4rhs8_1247_bus_1_1,123,123,0.001,y,disconnect_switch_13kv_3,False,sb1_p4rhs8_1247_node_1_5,123,12.47,1.05,0.95,-121.14435856318445,36.48335637955773,sb1_p4rhs8_1247_bus_1_1,123,12.47,1.05,0.95,-121.14479793937241,36.483506292880904
3,sb1_p4rhs8_1247_30,sb1_p4rhs8_1247_node_1_4,sb1_p4rhs8_1247_bus_1_1,123,123,0.001,y,loadbreak_switch_13kv_3,False,sb1_p4rhs8_1247_node_1_4,123,12.47,1.05,0.95,-121.1445836763623,36.48364603949694,sb1_p4rhs8_1247_bus_1_1,123,12.47,1.05,0.95,-121.14479793937241,36.483506292880904
4,sb1_p4rhs8_1247_348,sb1_p4rhs8_1247_node_1_2,p4rhs8_69,123,123,0.001,y,disconnect_switch_69kv_3,False,sb1_p4rhs8_1247_node_1_2,123,69.0,1.05,0.95,-121.14458054912039,36.48377714671999,p4rhs8_69,123,69.0,1.05,0.95,-121.14457799045287,36.48388441626382
5,sb1_p4rhs8_1247_361,sb1_p4rhs8_1247_node_1_2,sb1_p4rhs8_1247_node_1_3,123,123,0.001,n,fuse_1_69kv_3,False,sb1_p4rhs8_1247_node_1_2,123,69.0,1.05,0.95,-121.14458054912039,36.48377714671999,sb1_p4rhs8_1247_node_1_3,123,69.0,1.05,0.95,-121.14458140200657,36.483741390204926
6,sb1_p4rhs8_1247_34,sb1_p4rhs8_1247_node_1_6,sb1_p4rhs8_1247_bus_1_2,123,123,0.001,y,disconnect_switch_13kv_3,False,sb1_p4rhs8_1247_node_1_6,123,12.47,1.05,0.95,-121.14436083778132,36.48326102885563,sb1_p4rhs8_1247_bus_1_2,123,12.47,1.05,0.95,-121.1449124608368,36.48312652953937
7,l(r:p4rdt83lv-p4rlv149),p4rdt83lv,p4rlv149,12,12,0.0167036,n,1p_oh_al_2/0_rucina_2,False,p4rdt83lv,12,0.208,1.05,0.95,-121.14268291310833,36.49568768813679,p4rlv149,12,0.208,1.05,0.95,-121.14274215571938,36.495544389895656
8,l(r:p4rdt83lv-p4rlv150),p4rdt83lv,p4rlv150,12,12,0.0209359,n,1p_oh_al_2/0_rucina_2,False,p4rdt83lv,12,0.208,1.05,0.95,-121.14268291310833,36.49568768813679,p4rlv150,12,0.208,1.05,0.95,-121.14246480004374,36.4956330419094
9,l(r:p4rdt83lv-p4rlv153),p4rdt83lv,p4rlv153,12,12,0.0299347,n,1p_oh_al_4/0_zuzara_2,False,p4rdt83lv,12,0.208,1.05,0.95,-121.14268291310833,36.49568768813679,p4rlv153,12,0.208,1.05,0.95,-121.14235212588954,36.4956763560499
10,l(r:p4rdm151-p4rlv151),p4rdm151,p4rlv151,12,12,0.0149695,n,1p_oh_al_2/0_rucina_2,False,p4rdm151,12,0.208,1.05,0.95,-121.14223170117353,36.49604404604131,p4rlv151,12,0.208,1.05,0.95,-121.1423566121464,36.49595585363025
11,l(r:p4rdm151-p4rdt84lv),p4rdt84lv,p4rdm151,12,12,0.0274847,n,1p_oh_al_4/0_zuzara_2,False,p4rdt84lv,12,0.208,1.05,0.95,-121.1419693788099,36.49597068269389,p4rdm151,12,0.208,1.05,0.95,-121.14223170117353,36.49604404604131
12,l(r:p4rdm152-p4rdt84lv),p4rdt84lv,p4rdm152,12,12,0.0388702,n,1p_oh_al_4/0_zuzara_2,False,p4rdt84lv,12,0.208,1.05,0.95,-121.1419693788099,36.49597068269389,p4rdm152,12,0.208,1.05,0.95,-121.14153143153294,36.49591595719498
13,l(r:p4rdm152-p4rlv152),p4rdm152,p4rlv152,12,12,0.0129964,n,1p_oh_al_2/0_rucina_2,False,p4rdm152,12,0.208,1.05,0.95,-121.14153143153294,36.49591595719498,p4rlv152,12,0.208,1.05,0.95,-121.14148959217364,36.49579812590666
14,l(r:p4rdt86lv-p4rlv155),p4rdt86lv,p4rlv155,12,12,0.0136451,n,1p_oh_al_2/0_rucina_2,False,p4rdt86lv,12,0.208,1.05,0.95,-121.14572945502599,36.49372166517882,p4rlv155,12,0.208,1.05,0.95,-121.14581322122028,36.49379224458275
15,l(r:p4rdt87lv-p4rlv156),p4rdt87lv,p4rlv156,12,12,0.0145064,n,1p_oh_al_2/0_rucina_2,False,p4rdt87lv,12,0.208,1.05,0.95,-121.14587732192106,36.49360678440843,p4rlv156,12,0.208,1.05,0.95,-121.14576472891943,36.493485021356065
16,l(r:p4rdm212-p4rlv208),p4rdm212,p4rlv208,12,12,0.0912471,n,1p_oh_al_4/0_zuzara_2,False,p4rdm212,12,0.208,1.05,0.95,-121.18271872361103,36.47905470233592,p4rlv208,12,0.208,1.05,0.95,-121.1820069516779,36.47846696905979
17,l(r:p4rdm212-p4rdt117lv),p4rdt117lv,p4rdm212,12,12,0.0142411,n,1p_oh_al_2/0_rucina_2,False,p4rdt117lv,12,0.208,1.05,0.95,-121.18287968226568,36.47894908504664,p4rdm212,12,0.208,1.05,0.95,-121.18271872361103,36.47905470233592
18,l(r:p4rdm213-p4rdt117lv),p4rdt117lv,p4rdm213,12,12,0.0142411,n,1p_oh_al_2/0_rucina_2,False,p4rdt117lv,12,0.208,1.05,0.95,-121.18287968226568,36.47894908504664,p4rdm213,12,0.208,1.05,0.95,-121.18295724320552,36.478878058012626
19,l(r:p4rdm213-p4rlv807),p4rdm213,p4rlv807,12,12,0.0200923,n,1p_oh_al_2/0_rucina_2,False,p4rdm213,12,0.208,1.05,0.95,-121.18295724320552,36.478878058012626,p4rlv807,12,0.208,1.05,0.95,-121.18277008908264,36.47876704064292
20,l(r:p4rdt118lv-p4rlv209),p4rdt118lv,p4rlv209,12,12,0.0262426,n,1p_oh_al_2/0_rucina_2,False,p4rdt118lv,12,0.208,1.05,0.95,-121.18116608977876,36.48132674506935,p4rlv209,12,0.208,1.05,0.95,-121.18086840584716,36.481334053060706
21,l(r:p4rdm215-p4rlv210),p4rdm215,p4rlv210,12,12,0.0319783,n,1p_oh_al_4/0_zuzara_2,False,p4rdm215,12,0.208,1.05,0.95,-121.1803618588677,36.481993353972356,p4rlv210,12,0.208,1.05,0.95,-121.18015533628162,36.48175584284199
22,l(r:p4rdm215-p4rdt119lv),p4rdt119lv,p4rdm215,12,12,0.0166664,n,1p_oh_al_2/0_rucina_2,False,p4rdt119lv,12,0.208,1.05,0.95,-121.18022985703215,36.4820752984929,p4rdm215,12,0.208,1.05,0.95,-121.1803618588677,36.481993353972356
23,l(r:p4rdm216-p4rdt119lv),p4rdt119lv,p4rdm216,12,12,0.0144512,n,1p_oh_al_2/0_rucina_2,False,p4rdt119lv,12,0.208,1.05,0.95,-121.18022985703215,36.4820752984929,p4rdm216,12,0.208,1.05,0.95,-121.18007995621086,36.48211524773438
24,l(r:p4rdm216-p4rlv211),p4rdm216,p4rlv211,12,12,0.024084,n,1p_oh_al_2/0_rucina_2,False,p4rdm216,12,0.208,1.05,0.95,-121.18007995621086,36.48211524773438,p4rlv211,12,0.208,1.05,0.95,-121.17997301332183,36.481915310956694
25,l(r:p4rdt120lv-p4rlv212),p4rdt120lv,p4rlv212,12,12,0.0137374,n,1p_oh_al_2/0_rucina_2,False,p4rdt120lv,12,0.208,1.05,0.95,-121.188436840349,36.48339004625696,p4rlv212,12,0.208,1.05,0.95,-121.18828945904988,36.48332187751402
26,l(r:p4rdt145lv-p4rlv253),p4rdt145lv,p4rlv253,12,12,0.0319911,n,1p_oh_al_4/0_zuzara_2,False,p4rdt145lv,12,0.208,1.05,0.95,-121.17200951594006,36.49288676436656,p4rlv253,12,0.208,1.05,0.95,-121.1716759786938,36.49299265161484
27,l(r:p4rdt145lv-p4rlv257),p4rdt145lv,p4rlv257,12,12,0.010644,n,1p_oh_al_2/0_rucina_2,False,p4rdt145lv,12,0.208,1.05,0.95,-121.17200951594006,36.49288676436656,p4rlv257,12,0.208,1.05,0.95,-121.17188970545175,36.492923816781506
28,l(r:p4rdm262-p4rlv255),p4rdm262,p4rlv255,12,12,0.001,n,1p_oh_al_4_periwinkle_2,False,p4rdm262,12,0.208,1.05,0.95,-121.17121575265449,36.49262504236906,p4rlv255,12,0.208,1.05,0.95,-121.17120480503561,36.49261586067158
29,l(r:p4rdm261-p4rdm262),p4rdm262,p4rdm261,12,12,0.0119372,n,1p_oh_al_2/0_rucina_2,False,p4rdm262,12,0.208,1.05,0.95,-121.17121575265449,36.49262504236906,p4rdm261,12,0.208,1.05,0.95,-121.17109215016728,36.49265920256701
30,l(r:p4rdm261-p4rlv254),p4rdm261,p4rlv254,12,12,0.00508544,n,1p_oh_al_2/0_rucina_2,False,p4rdm261,12,0.208,1.05,0.95,-121.17109215016728,36.49265920256701,p4rlv254,12,0.208,1.05,0.95,-121.17111340963218,36.492704597765496
31,l(r:p4rdm262-p4rdt146lv),p4rdt146lv,p4rdm262,12,12,0.00599341,n,1p_oh_al_2/0_rucina_2,False,p4rdt146lv,12,0.208,1.05,0.95,-121.17126460663854,36.492610596992414,p4rdm262,12,0.208,1.05,0.95,-121.17121575265449,36.49262504236906
32,l(r:p4rdm263-p4rdt146lv),p4rdt146lv,p4rdm263,12,12,0.0242613,n,1p_oh_al_2/0_rucina_2,False,p4rdt146lv,12,0.208,1.05,0.95,-121.17126460663854,36.492610596992414,p4rdm263,12,0.208,1.05,0.95,-121.17137749514684,36.49239316218437
33,l(r:p4rdm263-p4rlv256),p4rdm263,p4rlv256,12,12,0.00129097,n,1p_oh_al_4_periwinkle_2,False,p4rdm263,12,0.208,1.05,0.95,-121.17137749514684,36.49239316218437,p4rlv256,12,0.208,1.05,0.95,-121.17136633565141,36.49239299109828
34,l(r:p4rdt181lv-p4rlv312),p4rdt181lv,p4rlv312,12,12,0.0100692,n,1p_oh_al_2/0_rucina_2,False,p4rdt181lv,12,0.208,1.05,0.95,-121.1595910412385,36.54384571962607,p4rlv312,12,0.208,1.05,0.95,-121.15950801120923,36.5438866733013
35,l(r:p4rdt210lv-p4rlv352),p4rdt210lv,p4rlv352,12,12,0.00436323,n,1p_oh_al_2/0_rucina_2,False,p4rdt210lv,12,0.208,1.05,0.95,-121.20990455289203,36.4921544953325,p4rlv352,12,0.208,1.05,0.95,-121.20986308534894,36.49218374799329
36,l(r:p4rdt252lv-p4rlv429),p4rdt252lv,p4rlv429,12,12,0.0384897,n,1p_oh_al_4/0_zuzara_2,False,p4rdt252lv,12,0.208,1.05,0.95,-121.15841108578928,36.55073203077529,p4rlv429,12,0.208,1.05,0.95,-121.15878378955841,36.550870161130156
37,l(r:p4rdt252lv-p4rlv430),p4rdt252lv,p4rlv430,12,12,0.00969142,n,1p_oh_al_2/0_rucina_2,False,p4rdt252lv,12,0.208,1.05,0.95,-121.15841108578928,36.55073203077529,p4rlv430,12,0.208,1.05,0.95,-121.15844709914025,36.55077198938845
38,l(r:p4rdt252lv-p4rlv431),p4rdt252lv,p4rlv431,12,12,0.0296742,n,1p_oh_al_4/0_zuzara_2,False,p4rdt252lv,12,0.208,1.05,0.95,-121.15841108578928,36.55073203077529,p4rlv431,12,0.208,1.05,0.95,-121.15807268542628,36.550705941537544
39,l(r:p4rdt252lv-p4rlv432),p4rdt252lv,p4rlv432,12,12,0.026687,n,1p_oh_al_2/0_rucina_2,False,p4rdt252lv,12,0.208,1.05,0.95,-121.15841108578928,36.55073203077529,p4rlv432,12,0.208,1.05,0.95,-121.1583125553742,36.55048430411657
40,l(r:p4rdt253lv-p4rlv433),p4rdt253lv,p4rlv433,12,12,0.0162968,n,1p_oh_al_2/0_rucina_2,False,p4rdt253lv,12,0.208,1.05,0.95,-121.15881394193467,36.548349610511046,p4rlv433,12,0.208,1.05,0.95,-121.15869029880108,36.548218674973924
41,l(r:p4rdt253lv-p4rlv434),p4rdt253lv,p4rlv434,12,12,0.00942234,n,1p_oh_al_2/0_rucina_2,False,p4rdt253lv,12,0.208,1.05,0.95,-121.15881394193467,36.548349610511046,p4rlv434,12,0.208,1.05,0.95,-121.15869890075261,36.54832697284591
42,l(r:p4rdt254lv-p4rlv435),p4rdt254lv,p4rlv435,12,12,0.00516481,n,1p_oh_al_2/0_rucina_2,False,p4rdt254lv,12,0.208,1.05,0.95,-121.15881832882411,36.54722295938697,p4rlv435,12,0.208,1.05,0.95,-121.15879155875699,36.54724675392198
43,l(r:p4rdt255lv-p4rlv436),p4rdt255lv,p4rlv436,12,12,0.0196555,n,1p_oh_al_2/0_rucina_2,False,p4rdt255lv,12,0.208,1.05,0.95,-121.15747361771102,36.54660160842076,p4rlv436,12,0.208,1.05,0.95,-121.15768937464132,36.54661679005209
44,l(r:p4rdt256lv-p4rlv437),p4rdt256lv,p4rlv437,12,12,0.0182958,n,1p_oh_al_2/0_rucina_2,False,p4rdt256lv,12,0.208,1.05,0.95,-121.15766453182083,36.546270009188554,p4rlv437,12,0.208,1.05,0.95,-121.15781670530627,36.546429469052285
45,l(r:p4rdt257lv-p4rlv438),p4rdt257lv,p4rlv438,12,12,0.0145488,n,1p_oh_al_2/0_rucina_2,False,p4rdt257lv,12,0.208,1.05,0.95,-121.15803189325226,36.54505652335703,p4rlv438,12,0.208,1.05,0.95,-121.15816418635825,36.545130677437356
46,l(r:p4rdt309lv-p4rlv518),p4rdt309lv,p4rlv518,12,12,0.00712208,n,1p_oh_al_2/0_rucina_2,False,p4rdt309lv,12,0.208,1.05,0.95,-121.12837489308536,36.49854955057713,p4rlv518,12,0.208,1.05,0.95,-121.12826219605583,36.49850272850622
47,l(r:p4rdt310lv-p4rlv519),p4rdt310lv,p4rlv519,12,12,0.0024135,n,1p_oh_al_4_periwinkle_2,False,p4rdt310lv,12,0.208,1.05,0.95,-121.13385069394818,36.50816576281698,p4rlv519,12,0.208,1.05,0.95,-121.13385892954149,36.50812700336804
48,l(r:p4rdt351lv-p4rlv593),p4rdt351lv,p4rlv593,12,12,0.0103011,n,1p_oh_al_2/0_rucina_2,False,p4rdt351lv,12,0.208,1.05,0.95,-121.14752551246976,36.49049558844167,p4rlv593,12,0.208,1.05,0.95,-121.14751313797852,36.49038439724509
49,l(r:p4rdt352lv-p4rlv594),p4rdt352lv,p4rlv594,12,12,0.0113654,n,1p_oh_al_2/0_rucina_2,False,p4rdt352lv,12,0.208,1.05,0.95,-121.15008553426784,36.48980235224107,p4rlv594,12,0.208,1.05,0.95,-121.14999665408034,36.489692823319885
50,l(r:p4rdt353lv-p4rlv595),p4rdt353lv,p4rlv595,12,12,0.00512445,n,1p_oh_al_2/0_rucina_2,False,p4rdt353lv,12,0.208,1.05,0.95,-121.15222214316695,36.487011325950185,p4rlv595,12,0.208,1.05,0.95,-121.15219288655966,36.48699567836199
51,l(r:p4rdt354lv-p4rlv596),p4rdt354lv,p4rlv596,12,12,0.00271065,n,1p_oh_al_4_periwinkle_2,False,p4rdt354lv,12,0.208,1.05,0.95,-121.14491587006411,36.483409655797345,p4rlv596,12,0.208,1.05,0.95,-121.14476376389408,36.4835001816701
52,l(r:p4rdt382lv-p4rlv639),p4rdt382lv,p4rlv639,12,12,0.00852951,n,1p_oh_al_2/0_rucina_2,False,p4rdt382lv,12,0.208,1.05,0.95,-121.15045391952368,36.53505445590146,p4rlv639,12,0.208,1.05,0.95,-121.15052556428402,36.535022345562716
53,l(r:p4rdt382lv-p4rlv640),p4rdt382lv,p4rlv640,12,12,0.00829705,n,1p_oh_al_2/0_rucina_2,False,p4rdt382lv,12,0.208,1.05,0.95,-121.15045391952368,36.53505445590146,p4rlv640,12,0.208,1.05,0.95,-121.15051160851063,36.5351393078955
54,l(r:p4rdm653-p4rlv641),p4rdm653,p4rlv641,12,12,0.0329289,n,1p_oh_al_4/0_zuzara_2,False,p4rdm653,12,0.208,1.05,0.95,-121.1456458063356,36.53122386736463,p4rlv641,12,0.208,1.05,0.95,-121.14529732684197,36.53131759817412
55,l(r:p4rdm653-p4rdm654),p4rdm653,p4rdm654,12,12,0.011697,n,1p_oh_al_2/0_rucina_2,False,p4rdm653,12,0.208,1.05,0.95,-121.1456458063356,36.53122386736463,p4rdm654,12,0.208,1.05,0.95,-121.14560351363909,36.53112405827757
56,l(r:p4rdm654-p4rlv642),p4rdm654,p4rlv642,12,12,0.0545178,n,1p_oh_al_4/0_zuzara_2,False,p4rdm654,12,0.208,1.05,0.95,-121.14560351363909,36.53112405827757,p4rlv642,12,0.208,1.05,0.95,-121.14505126811969,36.53133179770434
57,l(r:p4rdm653-p4rdt383lv),p4rdt383lv,p4rdm653,12,12,0.0134387,n,1p_oh_al_2/0_rucina_2,False,p4rdt383lv,12,0.208,1.05,0.95,-121.14575640959072,36.53136077848825,p4rdm653,12,0.208,1.05,0.95,-121.1456458063356,36.53122386736463
58,l(r:p4rdm655-p4rdt383lv),p4rdt383lv,p4rdm655,12,12,0.0268865,n,1p_oh_al_2/0_rucina_2,False,p4rdt383lv,12,0.208,1.05,0.95,-121.14575640959072,36.53136077848825,p4rdm655,12,0.208,1.05,0.95,-121.14582764920426,36.53156020435939
59,l(r:p4rdm655-p4rlv646),p4rdm655,p4rlv646,12,12,0.120975,n,1p_oh_al_4/0_zuzara_2,False,p4rdm655,12,0.208,1.05,0.95,-121.14582764920426,36.53156020435939,p4rlv646,12,0.208,1.05,0.95,-121.14459968907502,36.53200080247496
60,l(r:p4rdt384lv-p4rlv645),p4rdt384lv,p4rlv645,12,12,0.0749939,n,1p_oh_al_4/0_zuzara_2,False,p4rdt384lv,12,0.208,1.05,0.95,-121.14532191553612,36.53059404712407,p4rlv645,12,0.208,1.05,0.95,-121.14459138384947,36.53094606424293
61,l(r:p4rdm656-p4rdt384lv),p4rdt384lv,p4rdm656,12,12,0.0238872,n,1p_oh_al_2/0_rucina_2,False,p4rdt384lv,12,0.208,1.05,0.95,-121.14532191553612,36.53059404712407,p4rdm656,12,0.208,1.05,0.95,-121.14544357200322,36.53080608912429
62,l(r:p4rdm657-p4rdt384lv),p4rdt384lv,p4rdm657,12,12,0.0371624,n,1p_oh_al_4/0_zuzara_2,False,p4rdt384lv,12,0.208,1.05,0.95,-121.14532191553612,36.53059404712407,p4rdm657,12,0.208,1.05,0.95,-121.1450747288946,36.530349663568146
63,l(r:p4rdm656-p4rlv643),p4rdm656,p4rlv643,12,12,0.0973129,n,1p_oh_al_4/0_zuzara_2,False,p4rdm656,12,0.208,1.05,0.95,-121.14544357200322,36.53080608912429,p4rlv643,12,0.208,1.05,0.95,-121.1444415038196,36.53114203426855
64,l(r:p4rdm657-p4rlv644),p4rdm657,p4rlv644,12,12,0.0861889,n,1p_oh_al_4/0_zuzara_2,False,p4rdm657,12,0.208,1.05,0.95,-121.1450747288946,36.530349663568146,p4rlv644,12,0.208,1.05,0.95,-121.14442455684687,36.53091642670775
65,l(r:p4rdt385lv-p4rlv650),p4rdt385lv,p4rlv650,12,12,0.0848481,n,1p_oh_al_4/0_zuzara_2,False,p4rdt385lv,12,0.208,1.05,0.95,-121.14613500472282,36.532415109957746,p4rlv650,12,0.208,1.05,0.95,-121.14521137057189,36.53257818631727
66,l(r:p4rdm659-p4rdt385lv),p4rdt385lv,p4rdm659,12,12,0.018358,n,1p_oh_al_2/0_rucina_2,False,p4rdt385lv,12,0.208,1.05,0.95,-121.14613500472282,36.532415109957746,p4rdm659,12,0.208,1.05,0.95,-121.14609085399438,36.53223131512765
67,l(r:p4rdm661-p4rdt385lv),p4rdt385lv,p4rdm661,12,12,0.018358,n,1p_oh_al_2/0_rucina_2,False,p4rdt385lv,12,0.208,1.05,0.95,-121.14613500472282,36.532415109957746,p4rdm661,12,0.208,1.05,0.95,-121.14618359525873,36.53255725229599
68,l(r:p4rdm659-p4rlv647),p4rdm659,p4rlv647,12,12,0.0690492,n,1p_oh_al_4/0_zuzara_2,False,p4rdm659,12,0.208,1.05,0.95,-121.14609085399438,36.53223131512765,p4rlv647,12,0.208,1.05,0.95,-121.14532904771417,36.5323276319194
69,l(r:p4rdm659-p4rlv648),p4rdm659,p4rlv648,12,12,0.137632,n,1p_oh_al_4/0_zuzara_2,False,p4rdm659,12,0.208,1.05,0.95,-121.14609085399438,36.53223131512765,p4rlv648,12,0.208,1.05,0.95,-121.14458827807736,36.53247835369649
70,l(r:p4rdm661-p4rlv649),p4rdm661,p4rlv649,12,12,0.0585243,n,1p_oh_al_4/0_zuzara_2,False,p4rdm661,12,0.208,1.05,0.95,-121.14618359525873,36.53255725229599,p4rlv649,12,0.208,1.05,0.95,-121.14554395652422,36.532682511182635
71,l(r:p4rdt386lv-p4rlv651),p4rdt386lv,p4rlv651,12,12,0.0523278,n,1p_oh_al_4/0_zuzara_2,False,p4rdt386lv,12,0.208,1.05,0.95,-121.14669666382136,36.533217052321284,p4rlv651,12,0.208,1.05,0.95,-121.14623916382541,36.53350456031058
72,l(r:p4rdt387lv-p4rlv652),p4rdt387lv,p4rlv652,12,12,0.0513589,n,1p_oh_al_4/0_zuzara_2,False,p4rdt387lv,12,0.208,1.05,0.95,-121.14748948832427,36.533623130445775,p4rlv652,12,0.208,1.05,0.95,-121.14709908679556,36.53397762917804
73,l(r:p4rdt388lv-p4rlv653),p4rdt388lv,p4rlv653,12,12,0.0462238,n,1p_oh_al_4/0_zuzara_2,False,p4rdt388lv,12,0.208,1.05,0.95,-121.14451319895461,36.53671647991538,p4rlv653,12,0.208,1.05,0.95,-121.14450857674177,36.53628091496831
74,l(r:p4rdt388lv-p4rlv654),p4rdt388lv,p4rlv654,12,12,0.0677616,n,1p_oh_al_4/0_zuzara_2,False,p4rdt388lv,12,0.208,1.05,0.95,-121.14451319895461,36.53671647991538,p4rlv654,12,0.208,1.05,0.95,-121.14453564547685,36.53608303384932
75,l(r:p4rdm667-p4rlv655),p4rdm667,p4rlv655,12,12,0.0338108,n,1p_oh_al_4/0_zuzara_2,False,p4rdm667,12,0.208,1.05,0.95,-121.14553258668356,36.53643205401359,p4rlv655,12,0.208,1.05,0.95,-121.14559551716029,36.53613557922954
76,l(r:p4rdm667-p4rdt389lv),p4rdt389lv,p4rdm667,12,12,0.0234209,n,1p_oh_al_2/0_rucina_2,False,p4rdt389lv,12,0.208,1.05,0.95,-121.14571602726986,36.536540239005966,p4rdm667,12,0.208,1.05,0.95,-121.14553258668356,36.53643205401359
77,l(r:p4rdm668-p4rdt389lv),p4rdt389lv,p4rdm668,12,12,0.0190211,n,1p_oh_al_2/0_rucina_2,False,p4rdt389lv,12,0.208,1.05,0.95,-121.14571602726986,36.536540239005966,p4rdm668,12,0.208,1.05,0.95,-121.14582760370659,36.53670705504417
78,l(r:p4rdm668-p4rlv656),p4rdm668,p4rlv656,12,12,0.0131092,n,1p_oh_al_2/0_rucina_2,False,p4rdm668,12,0.208,1.05,0.95,-121.14582760370659,36.53670705504417,p4rlv656,12,0.208,1.05,0.95,-121.14590813062868,36.53660915620044
79,l(r:p4rdm668-p4rdm669),p4rdm668,p4rdm669,12,12,0.0558505,n,1p_oh_al_4/0_zuzara_2,False,p4rdm668,12,0.208,1.05,0.95,-121.14582760370659,36.53670705504417,p4rdm669,12,0.208,1.05,0.95,-121.14638266183498,36.536850892539164
80,l(r:p4rdm669-p4rlv658),p4rdm669,p4rlv658,12,12,0.0377353,n,1p_oh_al_4/0_zuzara_2,False,p4rdm669,12,0.208,1.05,0.95,-121.14638266183498,36.536850892539164,p4rlv658,12,0.208,1.05,0.95,-121.14654651084523,36.536537958764015
81,l(r:p4rdt390lv-p4rlv663),p4rdt390lv,p4rlv663,12,12,0.0169086,n,1p_oh_al_2/0_rucina_2,False,p4rdt390lv,12,0.208,1.05,0.95,-121.1472154379864,36.53689705931872,p4rlv663,12,0.208,1.05,0.95,-121.14728235514795,36.53706317997633
82,l(r:p4rdt390lv-p4rlv664),p4rdt390lv,p4rlv664,12,12,0.00854415,n,1p_oh_al_2/0_rucina_2,False,p4rdt390lv,12,0.208,1.05,0.95,-121.1472154379864,36.53689705931872,p4rlv664,12,0.208,1.05,0.95,-121.14717241788028,36.536989361468905
83,l(r:p4rdm670-p4rdt390lv),p4rdt390lv,p4rdm670,12,12,0.0164335,n,1p_oh_al_2/0_rucina_2,False,p4rdt390lv,12,0.208,1.05,0.95,-121.1472154379864,36.53689705931872,p4rdm670,12,0.208,1.05,0.95,-121.14703993429475,36.53692420618799
84,l(r:p4rdm670-p4rlv657),p4rdm670,p4rlv657,12,12,0.0435537,n,1p_oh_al_4/0_zuzara_2,False,p4rdm670,12,0.208,1.05,0.95,-121.14703993429475,36.53692420618799,p4rlv657,12,0.208,1.05,0.95,-121.14703823093299,36.53652757477777
85,l(r:p4rdt391lv-p4rlv661),p4rdt391lv,p4rlv661,12,12,0.0468195,n,1p_oh_al_4/0_zuzara_2,False,p4rdt391lv,12,0.208,1.05,0.95,-121.14767939401673,36.536853639175966,p4rlv661,12,0.208,1.05,0.95,-121.1477787952381,36.53732327879618
86,l(r:p4rdm673-p4rdt391lv),p4rdt391lv,p4rdm673,12,12,0.0159188,n,1p_oh_al_2/0_rucina_2,False,p4rdt391lv,12,0.208,1.05,0.95,-121.14767939401673,36.536853639175966,p4rdm673,12,0.208,1.05,0.95,-121.14786748892075,36.53688298301929
87,l(r:p4rdm676-p4rdt391lv),p4rdt391lv,p4rdm676,12,12,0.00981646,n,1p_oh_al_2/0_rucina_2,False,p4rdt391lv,12,0.208,1.05,0.95,-121.14767939401673,36.536853639175966,p4rdm676,12,0.208,1.05,0.95,-121.14758748555396,36.53691468770371
88,l(r:p4rdm673-p4rlv659),p4rdm673,p4rlv659,12,12,0.071853,n,1p_oh_al_4/0_zuzara_2,False,p4rdm673,12,0.208,1.05,0.95,-121.14786748892075,36.53688298301929,p4rlv659,12,0.208,1.05,0.95,-121.14793017247861,36.53753294676491
89,l(r:p4rdm673-p4rdm674),p4rdm673,p4rdm674,12,12,0.015911,n,1p_oh_al_2/0_rucina_2,False,p4rdm673,12,0.208,1.05,0.95,-121.14786748892075,36.53688298301929,p4rdm674,12,0.208,1.05,0.95,-121.14804678554272,36.53685872709167
90,l(r:p4rdm674-p4rlv660),p4rdm674,p4rlv660,12,12,0.0414506,n,1p_oh_al_4/0_zuzara_2,False,p4rdm674,12,0.208,1.05,0.95,-121.14804678554272,36.53685872709167,p4rlv660,12,0.208,1.05,0.95,-121.14806030460178,36.537228500830494
91,l(r:p4rdm676-p4rlv662),p4rdm676,p4rlv662,12,12,0.0391408,n,1p_oh_al_4/0_zuzara_2,False,p4rdm676,12,0.208,1.05,0.95,-121.14758748555396,36.53691468770371,p4rlv662,12,0.208,1.05,0.95,-121.14765726136037,36.53726730805724
92,l(r:p4rdt392lv-p4rlv665),p4rdt392lv,p4rlv665,12,12,0.0150385,n,1p_oh_al_2/0_rucina_2,False,p4rdt392lv,12,0.208,1.05,0.95,-121.14765924313478,36.53697083878839,p4rlv665,12,0.208,1.05,0.95,-121.14764653901598,36.53678039901205
93,l(r:p4rdt405lv-p4rlv688),p4rdt405lv,p4rlv688,12,12,0.0463817,n,1p_oh_al_4/0_zuzara_2,False,p4rdt405lv,12,0.208,1.05,0.95,-121.12980532042579,36.459880898548704,p4rlv688,12,0.208,1.05,0.95,-121.12937615249265,36.460076349441046
94,l(r:p4rdm699-p4rdt405lv),p4rdt405lv,p4rdm699,12,12,0.00916186,n,1p_oh_al_2/0_rucina_2,False,p4rdt405lv,12,0.208,1.05,0.95,-121.12980532042579,36.459880898548704,p4rdm699,12,0.208,1.05,0.95,-121.1298918613592,36.4599762676686
95,l(r:p4rdm702-p4rdt405lv),p4rdt405lv,p4rdm702,12,12,0.00731443,n,1p_oh_al_2/0_rucina_2,False,p4rdt405lv,12,0.208,1.05,0.95,-121.12980532042579,36.459880898548704,p4rdm702,12,0.208,1.05,0.95,-121.12982818049012,36.45984006214208
96,l(r:p4rdm699-p4rlv687),p4rdm699,p4rlv687,12,12,0.0210945,n,1p_oh_al_2/0_rucina_2,False,p4rdm699,12,0.208,1.05,0.95,-121.1298918613592,36.4599762676686,p4rlv687,12,0.208,1.05,0.95,-121.12980945032162,36.4601552524898
97,l(r:p4rdm699-p4rdm701),p4rdm699,p4rdm701,12,12,0.0240974,n,1p_oh_al_2/0_rucina_2,False,p4rdm699,12,0.208,1.05,0.95,-121.1298918613592,36.4599762676686,p4rdm701,12,0.208,1.05,0.95,-121.13013531462418,36.46006120765589
98,l(r:p4rdm701-p4rlv689),p4rdm701,p4rlv689,12,12,0.0283158,n,1p_oh_al_4/0_zuzara_2,False,p4rdm701,12,0.208,1.05,0.95,-121.13013531462418,36.46006120765589,p4rlv689,12,0.208,1.05,0.95,-121.13016368316806,36.45980926507263
99,l(r:p4rdm702-p4rlv690),p4rdm702,p4rlv690,12,12,0.0241958,n,1p_oh_al_2/0_rucina_2,False,p4rdm702,12,0.208,1.05,0.95,-121.12982818049012,36.45984006214208,p4rlv690,12,0.208,1.05,0.95,-121.13008603404052,36.45979002052954
100,l(r:p4rdm702-p4rdm703),p4rdm702,p4rdm703,12,12,0.0349365,n,1p_oh_al_4/0_zuzara_2,False,p4rdm702,12,0.208,1.05,0.95,-121.12982818049012,36.45984006214208,p4rdm703,12,0.208,1.05,0.95,-121.12988015758364,36.45953440670671
101,l(r:p4rdm703-p4rlv691),p4rdm703,p4rlv691,12,12,0.0243744,n,1p_oh_al_2/0_rucina_2,False,p4rdm703,12,0.208,1.05,0.95,-121.12988015758364,36.45953440670671,p4rlv691,12,0.208,1.05,0.95,-121.13012339306702,36.45962835711974
102,l(r:p4rdm704-p4rlv692),p4rdm704,p4rlv692,12,12,0.00460479,n,1p_oh_al_2/0_rucina_2,False,p4rdm704,12,0.208,1.05,0.95,-121.17026106453012,36.49144761509589,p4rlv692,12,0.208,1.05,0.95,-121.17026212457422,36.49140256213394
103,l(r:p4rdm704-p4rdt406lv),p4rdt406lv,p4rdm704,12,12,0.0125795,n,1p_oh_al_2/0_rucina_2,False,p4rdt406lv,12,0.208,1.05,0.95,-121.17036317071333,36.49154215310045,p4rdm704,12,0.208,1.05,0.95,-121.17026106453012,36.49144761509589
104,l(r:p4rdm705-p4rdt406lv),p4rdt406lv,p4rdm705,12,12,0.0121254,n,1p_oh_al_2/0_rucina_2,False,p4rdt406lv,12,0.208,1.05,0.95,-121.17036317071333,36.49154215310045,p4rdm705,12,0.208,1.05,0.95,-121.17042442701276,36.49162138403951
105,l(r:p4rdm705-p4rlv693),p4rdm705,p4rlv693,12,12,0.00498738,n,1p_oh_al_2/0_rucina_2,False,p4rdm705,12,0.208,1.05,0.95,-121.17042442701276,36.49162138403951,p4rlv693,12,0.208,1.05,0.95,-121.17036841812188,36.49162953876104
106,l(r:p4rdt407lv-p4rlv694),p4rdt407lv,p4rlv694,12,12,0.00358848,n,1p_oh_al_4_periwinkle_2,False,p4rdt407lv,12,0.208,1.05,0.95,-121.17063443376247,36.49107192726872,p4rlv694,12,0.208,1.05,0.95,-121.17064474521663,36.49110814079729
107,l(r:p4rdm756-p4rlv744),p4rdm756,p4rlv744,12,12,0.020432,n,1p_oh_al_2/0_rucina_2,False,p4rdm756,12,0.208,1.05,0.95,-121.13774529982899,36.52300638195242,p4rlv744,12,0.208,1.05,0.95,-121.13797930511154,36.52302806395967
108,l(r:p4rdm756-p4rdt434lv),p4rdt434lv,p4rdm756,12,12,0.00433334,n,1p_oh_al_2/0_rucina_2,False,p4rdt434lv,12,0.208,1.05,0.95,-121.13779256788574,36.52298907730765,p4rdm756,12,0.208,1.05,0.95,-121.13774529982899,36.52300638195242
109,l(r:p4rdm757-p4rdt434lv),p4rdt434lv,p4rdm757,12,12,0.0204308,n,1p_oh_al_2/0_rucina_2,False,p4rdt434lv,12,0.208,1.05,0.95,-121.13779256788574,36.52298907730765,p4rdm757,12,0.208,1.05,0.95,-121.13762703614141,36.52281524601704
110,l(r:p4rdm757-p4rlv745),p4rdm757,p4rlv745,12,12,0.00366706,n,1p_oh_al_4_periwinkle_2,False,p4rdm757,12,0.208,1.05,0.95,-121.13762703614141,36.52281524601704,p4rlv745,12,0.208,1.05,0.95,-121.13762617199737,36.522851287532966
111,l(r:p4rdt435lv-p4rlv746),p4rdt435lv,p4rlv746,12,12,0.0102709,n,1p_oh_al_2/0_rucina_2,False,p4rdt435lv,12,0.208,1.05,0.95,-121.13740580460498,36.52256558578886,p4rlv746,12,0.208,1.05,0.95,-121.13730024031366,36.52263269949754
112,l(r:p4rdt436lv-p4rlv747),p4rdt436lv,p4rlv747,12,12,0.0220697,n,1p_oh_al_2/0_rucina_2,False,p4rdt436lv,12,0.208,1.05,0.95,-121.13535392863011,36.51764471422737,p4rlv747,12,0.208,1.05,0.95,-121.13544441360928,36.51743597947334
113,l(r:p4rdt436lv-p4rlv748),p4rdt436lv,p4rlv748,12,12,0.034478,n,1p_oh_al_4/0_zuzara_2,False,p4rdt436lv,12,0.208,1.05,0.95,-121.13535392863011,36.51764471422737,p4rlv748,12,0.208,1.05,0.95,-121.13549165995512,36.51732855314422
114,l(r:p4rdt454lv-p4rlv780),p4rdt454lv,p4rlv780,12,12,0.00510115,n,1p_oh_al_2/0_rucina_2,False,p4rdt454lv,12,0.208,1.05,0.95,-121.21024489050933,36.489978237816565,p4rlv780,12,0.208,1.05,0.95,-121.21019267963756,36.48998930160893
115,l(r:p4rdm788-p4rlv781),p4rdm788,p4rlv781,12,12,0.00182486,n,1p_oh_al_4_periwinkle_2,False,p4rdm788,12,0.208,1.05,0.95,-121.20942425432196,36.49087915931487,p4rlv781,12,0.208,1.05,0.95,-121.20942446179039,36.490870148526454
116,l(r:p4rdm788-p4rdt455lv),p4rdt455lv,p4rdm788,12,12,0.0157247,n,1p_oh_al_2/0_rucina_2,False,p4rdt455lv,12,0.208,1.05,0.95,-121.20925410562614,36.490828702196616,p4rdm788,12,0.208,1.05,0.95,-121.20942425432196,36.49087915931487
117,l(r:p4rdm789-p4rdt455lv),p4rdt455lv,p4rdm789,12,12,0.0121113,n,1p_oh_al_2/0_rucina_2,False,p4rdt455lv,12,0.208,1.05,0.95,-121.20925410562614,36.490828702196616,p4rdm789,12,0.208,1.05,0.95,-121.20926615376548,36.49095791100486
118,l(r:p4rdm789-p4rlv782),p4rdm789,p4rlv782,12,12,0.00428133,n,1p_oh_al_2/0_rucina_2,False,p4rdm789,12,0.208,1.05,0.95,-121.20926615376548,36.49095791100486,p4rlv782,12,0.208,1.05,0.95,-121.20923329766899,36.49093037602936
119,l(r:p4rdt86-p4rdt87),p4rdt87,p4rdt86,1,1,0.017955,n,1p_oh_al_acsr_#2_sparrow_1,False,p4rdt87,1,12.47,1.05,0.95,-121.14587059905458,36.4935649581508,p4rdt86,1,12.47,1.05,0.95,-121.14572273223219,36.4936798389156
120,tr(r:p4rdt87-p4rdt87lv),p4rdt87,p4rdt87lv,1,10,,,,,p4rdt87,1,12.47,1.05,0.95,-121.14587059905458,36.4935649581508,p4rdt87lv,12,0.208,1.05,0.95,-121.14587732192106,36.49360678440843
121,l(r:p4rdt85-p4rdt87),p4rdt85-p4rdt87x,p4rdt87,1,1,0.113751,n,1p_oh_al_acsr_#2_sparrow_1,False,p4rdt85-p4rdt87x,1,12.47,1.05,0.95,-121.14656379564684,36.493569838379614,p4rdt87,1,12.47,1.05,0.95,-121.14587059905458,36.4935649581508
122,l(r:p4rdt351-p4rdt85),p4rdt351-p4rdt85x,p4rdt351,2,2,0.578403,n,1p_oh_al_acsr_#2_sparrow_1,False,p4rdt351-p4rdt85x,2,12.47,1.05,0.95,-121.14645876775036,36.49353144999806,p4rdt351,2,12.47,1.05,0.95,-121.14751878890834,36.49045376223867
123,l(r:p4rdt145-p4rdt407),p4rdt407,p4rdt145,3,3,0.296518,n,1p_oh_al_acsr_#2_sparrow_1,False,p4rdt407,3,12.47,1.05,0.95,-121.17064116985603,36.49111375251642,p4rdt145,3,12.47,1.05,0.95,-121.17201625289196,36.49292858954968
124,l(r:p4rdt146-p4rdt407),p4rdt407,p4rdt146,3,3,0.184735,n,1p_oh_al_acsr_#2_sparrow_1,False,p4rdt407,3,12.47,1.05,0.95,-121.17064116985603,36.49111375251642,p4rdt146,3,12.47,1.05,0.95,-121.17125787011308,36.49256877177685
125,l(r:p4rdt406-p4rdt407),p4rdt407,p4rdt406,3,3,0.0787768,n,1p_oh_al_acsr_#2_sparrow_1,False,p4rdt407,3,12.47,1.05,0.95,-121.17064116985603,36.49111375251642,p4rdt406,3,12.47,1.05,0.95,-121.17035643474284,36.49150032784306
126,tr(r:p4rdt407-p4rdt407lv),p4rdt407,p4rdt407lv,3,10,,,,,p4rdt407,3,12.47,1.05,0.95,-121.17064116985603,36.49111375251642,p4rdt407lv,12,0.208,1.05,0.95,-121.17063443376247,36.49107192726872
127,l(r:p4rdt353-p4rdt407),p4rdt353,p4rdt353_b1_1,3,3,0.284685,n,1p_oh_al_acsr_#2_sparrow_1,False,p4rdt353,3,12.47,1.05,0.95,-121.15222886905329,36.48705315197435,p4rdt353_b1_1,3,12.47,1.05,0.95,-121.15329844428284,36.486976744141245
128,tr(r:p4rdt353-p4rdt353lv),p4rdt353,p4rdt353lv,3,10,,,,,p4rdt353,3,12.47,1.05,0.95,-121.15222886905329,36.48705315197435,p4rdt353lv,12,0.208,1.05,0.95,-121.15222214316695,36.487011325950185
129,l(r:p4rdt352-p4rdt353),p4rdt352-p4rdt353x,p4rdt353,3,3,0.402277,n,1p_oh_al_acsr_#2_sparrow_1,False,p4rdt352-p4rdt353x,3,12.47,1.05,0.95,-121.14999546990457,36.48976104107845,p4rdt353,3,12.47,1.05,0.95,-121.15222886905329,36.48705315197435
130,l(r:p4rdt352-p4rdt85),p4rdt352-p4rdt85x,p4rdt352,3,3,0.600945,n,1p_oh_al_acsr_#2_sparrow_1,False,p4rdt352-p4rdt85x,3,12.47,1.05,0.95,-121.14653473007229,36.49350832155899,p4rdt352,3,12.47,1.05,0.95,-121.1500364352891,36.4897874680843
131,l(r:p4rdt382-p4rdt387),p4rdt387,p4rdt382,2,2,0.44882,n,1p_oh_al_acsr_#2_sparrow_1,False,p4rdt387,2,12.47,1.05,0.95,-121.1474403625512,36.53360824455011,p4rdt382,2,12.47,1.05,0.95,-121.15046064748721,36.535096281796456
132,disswitch(r:p4rdt387-p4rdt391)p4r_320,p4rdt387,p4rdt387-p4rdt391x,2,2,0.001,y,disswitch_1,False,p4rdt387,2,12.47,1.05,0.95,-121.1474403625512,36.53360824455011,p4rdt387-p4rdt391x,2,12.47,1.05,0.95,-121.14739937562409,36.533581816204446
133,tr(r:p4rdt387-p4rdt387lv),p4rdt387,p4rdt387lv,2,10,,,,,p4rdt387,2,12.47,1.05,0.95,-121.1474403625512,36.53360824455011,p4rdt387lv,12,0.208,1.05,0.95,-121.14748948832427,36.533623130445775
134,l(r:p4rdt181-p4rdt254),p4rdt254,p4rdt254_b1_1,2,2,0.0844989,n,1p_oh_al_acsr_#2_sparrow_1,False,p4rdt254,2,12.47,1.05,0.95,-121.15881159556731,36.547181133887676,p4rdt254_b1_1,2,12.47,1.05,0.95,-121.15926373693307,36.54665012455257
135,tr(r:p4rdt254-p4rdt254lv),p4rdt254,p4rdt254lv,2,10,,,,,p4rdt254,2,12.47,1.05,0.95,-121.15881159556731,36.547181133887676,p4rdt254lv,12,0.208,1.05,0.95,-121.15881832882411,36.54722295938697
136,l(r:p4rdt254-p4rdt256),p4rdt254-p4rdt256x,p4rdt254,2,2,0.217714,n,1p_oh_al_acsr_#2_sparrow_1,False,p4rdt254-p4rdt256x,2,12.47,1.05,0.95,-121.15775466476491,36.54631131615563,p4rdt254,2,12.47,1.05,0.95,-121.15881159556731,36.547181133887676
137,l(r:p4rdt252-p4rdt255),p4rdt255,p4rdt252,2,2,0.607606,n,1p_oh_al_acsr_#2_sparrow_1,False,p4rdt255,2,12.47,1.05,0.95,-121.15748035020648,36.54664343397775,p4rdt252,2,12.47,1.05,0.95,-121.15840435253044,36.550690205273966
138,l(r:p4rdt253-p4rdt255),p4rdt255,p4rdt253,2,2,0.328822,n,1p_oh_al_acsr_#2_sparrow_1,False,p4rdt255,2,12.47,1.05,0.95,-121.15748035020648,36.54664343397775,p4rdt253,2,12.47,1.05,0.95,-121.15880720860878,36.548307785016306
139,tr(r:p4rdt255-p4rdt255lv),p4rdt255,p4rdt255lv,2,10,,,,,p4rdt255,2,12.47,1.05,0.95,-121.15748035020648,36.54664343397775,p4rdt255lv,12,0.208,1.05,0.95,-121.15747361771102,36.54660160842076
140,l(r:p4rdt255-p4rdt256),p4rdt256,p4rdt255,2,2,0.170709,n,1p_oh_al_acsr_#2_sparrow_1,False,p4rdt256,2,12.47,1.05,0.95,-121.15770552891166,36.54629643423872,p4rdt255,2,12.47,1.05,0.95,-121.15748035020648,36.54664343397775
141,disswitch(r:p4rdt254-p4rdt256)p4r_312,p4rdt256,p4rdt254-p4rdt256x,2,2,0.001,y,disswitch_1,False,p4rdt256,2,12.47,1.05,0.95,-121.15770552891166,36.54629643423872,p4rdt254-p4rdt256x,2,12.47,1.05,0.95,-121.15775466476491,36.54631131615563
142,tr(r:p4rdt256-p4rdt256lv),p4rdt256,p4rdt256lv,2,10,,,,,p4rdt256,2,12.47,1.05,0.95,-121.15770552891166,36.54629643423872,p4rdt256lv,12,0.208,1.05,0.95,-121.15766453182083,36.546270009188554
143,l(r:p4rdt256-p4rdt257),p4rdt257,p4rdt256,2,2,0.328074,n,1p_oh_al_acsr_#2_sparrow_1,False,p4rdt257,2,12.47,1.05,0.95,-121.15802516055875,36.545014697816114,p4rdt256,2,12.47,1.05,0.95,-121.15770552891166,36.54629643423872
144,tr(r:p4rdt257-p4rdt257lv),p4rdt257,p4rdt257lv,2,10,,,,,p4rdt257,2,12.47,1.05,0.95,-121.15802516055875,36.545014697816114,p4rdt257lv,12,0.208,1.05,0.95,-121.15803189325226,36.54505652335703
145,l(r:p4rdt257-p4rdt391),p4rdt257-p4rdt391x,p4rdt257-p4rdt391x_b1_1,2,2,0.144854,n,1p_oh_al_acsr_#2_sparrow_1,False,p4rdt257-p4rdt391x,2,12.47,1.05,0.95,-121.14776466726062,36.536886763420625,p4rdt257-p4rdt391x_b1_1,2,12.47,1.05,0.95,-121.14926793233414,36.53670642879474
146,l(r:p4rdt388-p4rdt389),p4rdt389,p4rdt388,2,2,0.127336,n,1p_oh_al_acsr_#2_sparrow_1,False,p4rdt389,2,12.47,1.05,0.95,-121.14572275276234,36.53658206508966,p4rdt388,2,12.47,1.05,0.95,-121.1445064741085,36.53667465378254
147,tr(r:p4rdt389-p4rdt389lv),p4rdt389,p4rdt389lv,2,10,,,,,p4rdt389,2,12.47,1.05,0.95,-121.14572275276234,36.53658206508966,p4rdt389lv,12,0.208,1.05,0.95,-121.14571602726986,36.536540239005966
148,l(r:p4rdt389-p4rdt390),p4rdt390,p4rdt389,2,2,0.150666,n,1p_oh_al_acsr_#2_sparrow_1,False,p4rdt390,2,12.47,1.05,0.95,-121.14722216431318,36.53693888533925,p4rdt389,2,12.47,1.05,0.95,-121.14572275276234,36.53658206508966
149,tr(r:p4rdt390-p4rdt390lv),p4rdt390,p4rdt390lv,2,10,,,,,p4rdt390,2,12.47,1.05,0.95,-121.14722216431318,36.53693888533925,p4rdt390lv,12,0.208,1.05,0.95,-121.1472154379864,36.53689705931872
150,l(r:p4rdt390-p4rdt391),p4rdt391,p4rdt390,2,2,0.0426837,n,1p_oh_al_acsr_#2_sparrow_1,False,p4rdt391,2,12.47,1.05,0.95,-121.14770868908933,36.53689258989125,p4rdt390,2,12.47,1.05,0.95,-121.14722216431318,36.53693888533925
151,l(r:p4rdt391-p4rdt392),p4rdt391,p4rdt392,2,2,0.001,n,1p_oh_al_acsr_#2_sparrow_1,False,p4rdt391,2,12.47,1.05,0.95,-121.14770868908933,36.53689258989125,p4rdt392,2,12.47,1.05,0.95,-121.14768479692547,36.53693322713891
152,disswitch(r:p4rdt257-p4rdt391)p4r_232,p4rdt391,p4rdt257-p4rdt391x,2,2,0.001,y,disswitch_1,False,p4rdt391,2,12.47,1.05,0.95,-121.14770868908933,36.53689258989125,p4rdt257-p4rdt391x,2,12.47,1.05,0.95,-121.14776466726062,36.536886763420625
153,tr(r:p4rdt391-p4rdt391lv),p4rdt391,p4rdt391lv,2,10,,,,,p4rdt391,2,12.47,1.05,0.95,-121.14770868908933,36.53689258989125,p4rdt391lv,12,0.208,1.05,0.95,-121.14767939401673,36.536853639175966
154,l(r:p4rdt387-p4rdt391),p4rdt387-p4rdt391x,p4rdt391,2,2,0.57402,n,1p_oh_al_acsr_#2_sparrow_1,False,p4rdt387-p4rdt391x,2,12.47,1.05,0.95,-121.14739937562409,36.533581816204446,p4rdt391,2,12.47,1.05,0.95,-121.14770868908933,36.53689258989125
155,l(r:p4rdt386-p4rdt387),p4rdt386,p4rdt387,2,2,0.0809252,n,1p_oh_al_acsr_#2_sparrow_1,False,p4rdt386,2,12.47,1.05,0.95,-121.14668993801413,36.533175226263516,p4rdt387,2,12.47,1.05,0.95,-121.1474403625512,36.53360824455011
156,tr(r:p4rdt386-p4rdt386lv),p4rdt386,p4rdt386lv,2,10,,,,,p4rdt386,2,12.47,1.05,0.95,-121.14668993801413,36.533175226263516,p4rdt386lv,12,0.208,1.05,0.95,-121.14669666382136,36.533217052321284
157,l(r:p4rdt385-p4rdt386),p4rdt385,p4rdt386,2,2,0.103882,n,1p_oh_al_acsr_#2_sparrow_1,False,p4rdt385,2,12.47,1.05,0.95,-121.14612827927023,36.53237328387353,p4rdt386,2,12.47,1.05,0.95,-121.14668993801413,36.533175226263516
158,tr(r:p4rdt385-p4rdt385lv),p4rdt385,p4rdt385lv,2,10,,,,,p4rdt385,2,12.47,1.05,0.95,-121.14612827927023,36.53237328387353,p4rdt385lv,12,0.208,1.05,0.95,-121.14613500472282,36.532415109957746
159,l(r:p4rdt383-p4rdt385),p4rdt383-p4rdt385x,p4rdt385,2,2,0.124305,n,1p_oh_al_acsr_#2_sparrow_1,False,p4rdt383-p4rdt385x,2,12.47,1.05,0.95,-121.1456663004439,36.5313194630226,p4rdt385,2,12.47,1.05,0.95,-121.14612827927023,36.53237328387353
160,l(r:p4rdt118-p4rdt119),p4rdt118,p4rdt119,1,1,0.122792,n,1p_oh_al_acsr_#2_sparrow_1,False,p4rdt118,1,12.47,1.05,0.95,-121.18117283094388,36.4813685699221,p4rdt119,1,12.47,1.05,0.95,-121.18022311633152,36.48203347360405
161,l(r:p4rdt118-p4rdt120),p4rdt118,p4rdt118_b1_1,1,1,0.0874618,n,1p_oh_al_acsr_#2_sparrow_1,False,p4rdt118,1,12.47,1.05,0.95,-121.18117283094388,36.4813685699221,p4rdt118_b1_1,1,12.47,1.05,0.95,-121.18172209397403,36.481581429103464
162,tr(r:p4rdt118-p4rdt118lv),p4rdt118,p4rdt118lv,1,10,,,,,p4rdt118,1,12.47,1.05,0.95,-121.18117283094388,36.4813685699221,p4rdt118lv,12,0.208,1.05,0.95,-121.18116608977876,36.48132674506935
163,l(r:p4rdt117-p4rdt118),p4rdt117,p4rdt118,1,1,0.322981,n,1p_oh_al_acsr_#2_sparrow_1,False,p4rdt117,1,12.47,1.05,0.95,-121.18282988787014,36.47896236295497,p4rdt118,1,12.47,1.05,0.95,-121.18117283094388,36.4813685699221
164,disswitch(r:p4rdt117-p4rdt454)p4r_245,p4rdt117,p4rdt117-p4rdt454x,1,1,0.001,y,disswitch_1,False,p4rdt117,1,12.47,1.05,0.95,-121.18282988787014,36.47896236295497,p4rdt117-p4rdt454x,1,12.47,1.05,0.95,-121.18278764422939,36.47898743769889
165,tr(r:p4rdt117-p4rdt117lv),p4rdt117,p4rdt117lv,1,10,,,,,p4rdt117,1,12.47,1.05,0.95,-121.18282988787014,36.47896236295497,p4rdt117lv,12,0.208,1.05,0.95,-121.18287968226568,36.47894908504664
166,l(r:p4rdt210-p4rdt455),p4rdt455,p4rdt210,1,1,0.183091,n,1p_oh_al_acsr_#2_sparrow_1,False,p4rdt455,1,12.47,1.05,0.95,-121.20926086257418,36.49087052583842,p4rdt210,1,12.47,1.05,0.95,-121.2099113102767,36.49219631894137
167,tr(r:p4rdt455-p4rdt455lv),p4rdt455,p4rdt455lv,1,10,,,,,p4rdt455,1,12.47,1.05,0.95,-121.20926086257418,36.49087052583842,p4rdt455lv,12,0.208,1.05,0.95,-121.20925410562614,36.490828702196616
168,l(r:p4rdt454-p4rdt455),p4rdt454,p4rdt455,1,1,0.141422,n,1p_oh_al_acsr_#2_sparrow_1,False,p4rdt454,1,12.47,1.05,0.95,-121.21025164793814,36.49002006142056,p4rdt455,1,12.47,1.05,0.95,-121.20926086257418,36.49087052583842
169,tr(r:p4rdt454-p4rdt454lv),p4rdt454,p4rdt454lv,1,10,,,,,p4rdt454,1,12.47,1.05,0.95,-121.21025164793814,36.49002006142056,p4rdt454lv,12,0.208,1.05,0.95,-121.21024489050933,36.489978237816565
170,l(r:p4rdt117-p4rdt454),p4rdt117-p4rdt454x,p4rdt117-p4rdt454x_b1_1,1,1,0.48107,n,1p_oh_al_acsr_#2_sparrow_1,False,p4rdt117-p4rdt454x,1,12.47,1.05,0.95,-121.18278764422939,36.47898743769889,p4rdt117-p4rdt454x_b1_1,1,12.47,1.05,0.95,-121.18624129757607,36.47733257635885
171,l(r:p4rdt117-p4rdt405),p4rdt117-p4rdt405x,p4rdt117-p4rdt405x_b1_1,1,1,0.714456,n,1p_oh_al_acsr_#2_sparrow_1,False,p4rdt117-p4rdt405x,1,12.47,1.05,0.95,-121.12989533950405,36.45992222385478,p4rdt117-p4rdt405x_b1_1,1,12.47,1.05,0.95,-121.1365535745098,36.46137848710451
172,l(r:p4rdt354-p4rdt405),p4rdt354-p4rdt405x,p4rdt354-p4rdt405x_b1_1,1,1,0.586202,n,1p_oh_al_acsr_#2_sparrow_1,False,p4rdt354-p4rdt405x,1,12.47,1.05,0.95,-121.14484760418489,36.48339923734972,p4rdt354-p4rdt405x_b1_1,1,12.47,1.05,0.95,-121.14155024503815,36.48625345438784
173,l(r:p4rdt83-p4rdt85),p4rdt83,p4rdt85,123,123,0.750824,n,3p_oh_al_acsr_4/0_penguin_3,False,p4rdt83,123,12.47,1.05,0.95,-121.14268963438529,36.495729514516306,p4rdt85,123,12.47,1.05,0.95,-121.1465112188754,36.49355082527991
174,tr(r:p4rdt83-p4rdt83lv),p4rdt83,p4rdt83lv,1,10,,,,,p4rdt83,123,12.47,1.05,0.95,-121.14268963438529,36.495729514516306,p4rdt83lv,12,0.208,1.05,0.95,-121.14268291310833,36.49568768813679
175,l(r:p4rdt83-p4rdt84),p4rdt84,p4rdt83,123,123,0.129267,n,3p_oh_al_acsr_4/0_penguin_3,False,p4rdt84,123,12.47,1.05,0.95,-121.14196265790717,36.49592885628584,p4rdt83,123,12.47,1.05,0.95,-121.14268963438529,36.495729514516306
176,tr(r:p4rdt84-p4rdt84lv),p4rdt84,p4rdt84lv,2,10,,,,,p4rdt84,123,12.47,1.05,0.95,-121.14196265790717,36.49592885628584,p4rdt84lv,12,0.208,1.05,0.95,-121.1419693788099,36.49597068269389
177,l(r:p4rdt309-p4rdt84),p4rdt309,p4rdt309_b1_1,123,123,0.13771,n,3p_oh_al_acsr_4/0_penguin_3,False,p4rdt309,123,12.47,1.05,0.95,-121.12832579320555,36.4985346574617,p4rdt309_b1_1,123,12.47,1.05,0.95,-121.12973630249373,36.49894950093117
178,goab_disswitch(r:p4rdt309-p4rdt310)p4r_223,p4rdt309,p4rdt309-p4rdt310x,123,123,0.001,y,goab_disswitch_3_1,False,p4rdt309,123,12.47,1.05,0.95,-121.12832579320555,36.4985346574617,p4rdt309-p4rdt310x,123,12.47,1.05,0.95,-121.1282848310512,36.498508223112985
179,tr(r:p4rdt309-p4rdt309lv),p4rdt309,p4rdt309lv,1,10,,,,,p4rdt309,123,12.47,1.05,0.95,-121.12832579320555,36.4985346574617,p4rdt309lv,12,0.208,1.05,0.95,-121.12837489308536,36.49854955057713
180,l(r:p4rdt383-p4rdt384),p4rdt384,p4rdt383,123,123,0.0871443,n,3p_oh_al_acsr_4/0_penguin_3,False,p4rdt384,123,12.47,1.05,0.95,-121.14532864043993,36.53063587324891,p4rdt383,123,12.47,1.05,0.95,-121.14570728559401,36.53134589192304
181,tr(r:p4rdt384-p4rdt384lv),p4rdt384,p4rdt384lv,3,10,,,,,p4rdt384,123,12.47,1.05,0.95,-121.14532864043993,36.53063587324891,p4rdt384lv,12,0.208,1.05,0.95,-121.14532191553612,36.53059404712407
182,l(r:p4rdt384-p4rdt434),p4rdt384-p4rdt434x,p4rdt384-p4rdt434x_b1_1,123,123,0.245448,n,3p_oh_al_acsr_4/0_penguin_3,False,p4rdt384-p4rdt434x,123,12.47,1.05,0.95,-121.13770247276153,36.522947756164434,p4rdt384-p4rdt434x_b1_1,123,12.47,1.05,0.95,-121.1360145215275,36.521600233836345
183,l(r:p4rdt434-p4rdt435),p4rdt435,p4rdt434,123,123,0.0528663,n,3p_oh_al_acsr_4/0_penguin_3,False,p4rdt435,123,12.47,1.05,0.95,-121.13741252471874,36.52260741227224,p4rdt434,123,12.47,1.05,0.95,-121.1377434507863,36.52297418763508
184,tr(r:p4rdt435-p4rdt435lv),p4rdt435,p4rdt435lv,1,10,,,,,p4rdt435,123,12.47,1.05,0.95,-121.13741252471874,36.52260741227224,p4rdt435lv,12,0.208,1.05,0.95,-121.13740580460498,36.52256558578886
185,l(r:p4rdt435-p4rdt436),p4rdt436,p4rdt435,123,123,0.642028,n,3p_oh_al_acsr_4/0_penguin_3,False,p4rdt436,123,12.47,1.05,0.95,-121.1353472099423,36.517602887638915,p4rdt435,123,12.47,1.05,0.95,-121.13741252471874,36.52260741227224
186,tr(r:p4rdt436-p4rdt436lv),p4rdt436,p4rdt436lv,3,10,,,,,p4rdt436,123,12.47,1.05,0.95,-121.1353472099423,36.517602887638915,p4rdt436lv,12,0.208,1.05,0.95,-121.13535392863011,36.51764471422737
187,l(r:p4rdt310-p4rdt436),p4rdt310,p4rdt310_b1_1,123,123,0.150631,n,3p_oh_al_acsr_4/0_penguin_3,False,p4rdt310,123,12.47,1.05,0.95,-121.13384397666901,36.508123936127376,p4rdt310_b1_1,123,12.47,1.05,0.95,-121.1341190591469,36.509383987294825
188,tr(r:p4rdt310-p4rdt310lv),p4rdt310,p4rdt310lv,3,10,,,,,p4rdt310,123,12.47,1.05,0.95,-121.13384397666901,36.508123936127376,p4rdt310lv,12,0.208,1.05,0.95,-121.13385069394818,36.50816576281698
189,l(r:p4rdt309-p4rdt310),p4rdt309-p4rdt310x,p4rdt309-p4rdt310x_b1_1,123,123,0.180592,n,3p_oh_al_acsr_4/0_penguin_3,False,p4rdt309-p4rdt310x,123,12.47,1.05,0.95,-121.1282848310512,36.498508223112985,p4rdt309-p4rdt310x_b1_1,123,12.47,1.05,0.95,-121.13033895200557,36.49895894978965
190,l(r:p4rdt309-p4rdt354),p4rdt309-p4rdt354x,p4rdt309-p4rdt354x_b1_1,123,123,0.46481,n,3p_oh_al_acsr_4/0_penguin_3,False,p4rdt309-p4rdt354x,123,12.47,1.05,0.95,-121.14492877974521,36.48346523506813,p4rdt309-p4rdt354x_b1_1,123,12.47,1.05,0.95,-121.14213649727274,36.485693812863246
191,l(r:p4rdt354-p4rhs8_1247),p4rdt354-p4rhs8_1247x,p4rdt354,123,123,0.001,n,3p_oh_al_acsr_4/0_penguin_3,False,p4rdt354-p4rhs8_1247x,123,12.47,1.05,0.95,-121.14453520435887,36.483025275964415,p4rdt354,123,12.47,1.05,0.95,-121.14487599888399,36.48344201594169
192,l(r:p4rdt85lv-p4rlv154),p4rdt85lv,p4rlv154,123,123,0.0124993,n,3p_ug_al_350kcmil_3,False,p4rdt85lv,123,0.48,1.05,0.95,-121.14648711989747,36.49359309167788,p4rlv154,123,0.48,1.05,0.95,-121.146375923581,36.49360268709814
193,fuse(r:p4rdt85-p4rdt87)p4r_162,p4rdt85,p4rdt85-p4rdt87x,1,1,0.001,n,fuse_1_2,False,p4rdt85,123,12.47,1.05,0.95,-121.1465112188754,36.49355082527991,p4rdt85-p4rdt87x,1,12.47,1.05,0.95,-121.14656379564684,36.493569838379614
194,fuse(r:p4rdt351-p4rdt85)p4r_163,p4rdt85,p4rdt351-p4rdt85x,2,2,0.001,n,fuse_1_1,False,p4rdt85,123,12.47,1.05,0.95,-121.1465112188754,36.49355082527991,p4rdt351-p4rdt85x,2,12.47,1.05,0.95,-121.14645876775036,36.49353144999806
195,fuse(r:p4rdt352-p4rdt85)p4r_164,p4rdt85,p4rdt352-p4rdt85x,3,3,0.001,n,fuse_1_2,False,p4rdt85,123,12.47,1.05,0.95,-121.1465112188754,36.49355082527991,p4rdt352-p4rdt85x,3,12.47,1.05,0.95,-121.14653473007229,36.49350832155899
196,tr(r:p4rdt85-p4rdt85lv),p4rdt85,p4rdt85lv,123,123,,,,,p4rdt85,123,12.47,1.05,0.95,-121.1465112188754,36.49355082527991,p4rdt85lv,123,0.48,1.05,0.95,-121.14648711989747,36.49359309167788
197,fuse(r:p4rdt354-p4rdt405)p4r_197,p4rdt354,p4rdt354-p4rdt405x,1,1,0.001,n,fuse_1_2,False,p4rdt354,123,12.47,1.05,0.95,-121.14487599888399,36.48344201594169,p4rdt354-p4rdt405x,1,12.47,1.05,0.95,-121.14484760418489,36.48339923734972
198,goab_disswitch(r:p4rdt309-p4rdt354)p4r_322,p4rdt354,p4rdt309-p4rdt354x,123,123,0.001,y,goab_disswitch_3_1,False,p4rdt354,123,12.47,1.05,0.95,-121.14487599888399,36.48344201594169,p4rdt309-p4rdt354x,123,12.47,1.05,0.95,-121.14492877974521,36.48346523506813
199,tr(r:p4rdt354-p4rdt354lv),p4rdt354,p4rdt354lv,1,10,,,,,p4rdt354,123,12.47,1.05,0.95,-121.14487599888399,36.48344201594169,p4rdt354lv,12,0.208,1.05,0.95,-121.14491587006411,36.483409655797345
200,fuse(r:p4rdt383-p4rdt385)p4r_202,p4rdt383,p4rdt383-p4rdt385x,2,2,0.001,n,fuse_1_2,False,p4rdt383,123,12.47,1.05,0.95,-121.14570728559401,36.53134589192304,p4rdt383-p4rdt385x,2,12.47,1.05,0.95,-121.1456663004439,36.5313194630226
201,tr(r:p4rdt383-p4rdt383lv),p4rdt383,p4rdt383lv,1,10,,,,,p4rdt383,123,12.47,1.05,0.95,-121.14570728559401,36.53134589192304,p4rdt383lv,12,0.208,1.05,0.95,-121.14575640959072,36.53136077848825
202,disswitch(r:p4rdt117-p4rdt405)p4r_236,p4rdt405,p4rdt117-p4rdt405x,1,1,0.001,y,disswitch_1,False,p4rdt405,1,12.47,1.05,0.95,-121.12984626335952,36.45990733196707,p4rdt117-p4rdt405x,1,12.47,1.05,0.95,-121.12989533950405,36.45992222385478
203,tr(r:p4rdt405-p4rdt405lv),p4rdt405,p4rdt405lv,1,10,,,,,p4rdt405,1,12.47,1.05,0.95,-121.12984626335952,36.45990733196707,p4rdt405lv,12,0.208,1.05,0.95,-121.12980532042579,36.459880898548704
204,disswitch(r:p4rdt352-p4rdt353)p4r_247,p4rdt352,p4rdt352-p4rdt353x,3,3,0.001,y,disswitch_1_1,False,p4rdt352,3,12.47,1.05,0.95,-121.1500364352891,36.4897874680843,p4rdt352-p4rdt353x,3,12.47,1.05,0.95,-121.14999546990457,36.48976104107845
205,tr(r:p4rdt352-p4rdt352lv),p4rdt352,p4rdt352lv,3,10,,,,,p4rdt352,3,12.47,1.05,0.95,-121.1500364352891,36.4897874680843,p4rdt352lv,12,0.208,1.05,0.95,-121.15008553426784,36.48980235224107
206,goab_disswitch(r:p4rdt384-p4rdt434)p4r_288,p4rdt434,p4rdt384-p4rdt434x,123,123,0.001,y,goab_disswitch_3_3,False,p4rdt434,123,12.47,1.05,0.95,-121.1377434507863,36.52297418763508,p4rdt384-p4rdt434x,123,12.47,1.05,0.95,-121.13770247276153,36.522947756164434
207,tr(r:p4rdt434-p4rdt434lv),p4rdt434,p4rdt434lv,1,10,,,,,p4rdt434,123,12.47,1.05,0.95,-121.1377434507863,36.52297418763508,p4rdt434lv,12,0.208,1.05,0.95,-121.13779256788574,36.52298907730765
208,l(r:p4rdt353-p4rdt407)_disconnect,p4rdt353_b1_1,p4rdt353_b2_1,3,3,0.001,y,1p_oh_al_acsr_#2_sparrow_1,False,p4rdt353_b1_1,3,12.47,1.05,0.95,-121.15329844428284,36.486976744141245,p4rdt353_b2_1,3,12.47,1.05,0.95,-121.15336903273283,36.48682460191636
209,l(r:p4rdt353-p4rdt407)_cont,p4rdt353_b2_1,p4rdt407,3,3,2.571165,n,1p_oh_al_acsr_#2_sparrow_1,False,p4rdt353_b2_1,3,12.47,1.05,0.95,-121.15336903273283,36.48682460191636,p4rdt407,3,12.47,1.05,0.95,-121.17064116985603,36.49111375251642
210,l(r:p4rdt181-p4rdt254)_disconnect,p4rdt254_b1_1,p4rdt254_b2_1,2,2,0.001,y,1p_oh_al_acsr_#2_sparrow_1,False,p4rdt254_b1_1,2,12.47,1.05,0.95,-121.15926373693307,36.54665012455257,p4rdt254_b2_1,2,12.47,1.05,0.95,-121.15937882825234,36.5465076816111
211,l(r:p4rdt181-p4rdt254)_cont,p4rdt254_b2_1,p4rdt181,2,2,0.7694901,n,1p_oh_al_acsr_#2_sparrow_1,False,p4rdt254_b2_1,2,12.47,1.05,0.95,-121.15937882825234,36.5465076816111,p4rdt181,2,12.47,1.05,0.95,-121.15958430777748,36.54380389414443
212,l(r:p4rdt257-p4rdt391)_disconnect,p4rdt257-p4rdt391x_b1_1,p4rdt257-p4rdt391x_b2_1,2,2,0.001,y,1p_oh_al_acsr_#2_sparrow_1,False,p4rdt257-p4rdt391x_b1_1,2,12.47,1.05,0.95,-121.14926793233414,36.53670642879474,p4rdt257-p4rdt391x_b2_1,2,12.47,1.05,0.95,-121.14931216563889,36.536725142954246
213,l(r:p4rdt257-p4rdt391)_cont,p4rdt257-p4rdt391x_b2_1,p4rdt257,2,2,1.312686,n,1p_oh_al_acsr_#2_sparrow_1,False,p4rdt257-p4rdt391x_b2_1,2,12.47,1.05,0.95,-121.14931216563889,36.536725142954246,p4rdt257,2,12.47,1.05,0.95,-121.15802516055875,36.545014697816114
214,l(r:p4rdt118-p4rdt120)_disconnect,p4rdt118_b1_1,p4rdt118_b2_1,1,1,0.001,y,1p_oh_al_acsr_#2_sparrow_1,False,p4rdt118_b1_1,1,12.47,1.05,0.95,-121.18172209397403,36.481581429103464,p4rdt118_b2_1,1,12.47,1.05,0.95,-121.18183177873088,36.481664225788975
215,l(r:p4rdt118-p4rdt120)_cont,p4rdt118_b2_1,p4rdt120,1,1,0.7961562,n,1p_oh_al_acsr_#2_sparrow_1,False,p4rdt118_b2_1,1,12.47,1.05,0.95,-121.18183177873088,36.481664225788975,p4rdt120,1,12.47,1.05,0.95,-121.18843009513087,36.483348221714486
216,l(r:p4rdt117-p4rdt454)_disconnect,p4rdt117-p4rdt454x_b1_1,p4rdt117-p4rdt454x_b2_1,1,1,0.001,y,1p_oh_al_acsr_#2_sparrow_1,False,p4rdt117-p4rdt454x_b1_1,1,12.47,1.05,0.95,-121.18624129757607,36.47733257635885,p4rdt117-p4rdt454x_b2_1,1,12.47,1.05,0.95,-121.18630740197618,36.47736963692977
217,l(r:p4rdt117-p4rdt454)_cont,p4rdt117-p4rdt454x_b2_1,p4rdt454,1,1,4.33863,n,1p_oh_al_acsr_#2_sparrow_1,False,p4rdt117-p4rdt454x_b2_1,1,12.47,1.05,0.95,-121.18630740197618,36.47736963692977,p4rdt454,1,12.47,1.05,0.95,-121.21025164793814,36.49002006142056
218,l(r:p4rdt117-p4rdt405)_disconnect,p4rdt117-p4rdt405x_b1_1,p4rdt117-p4rdt405x_b2_1,1,1,0.001,y,1p_oh_al_acsr_#2_sparrow_1,False,p4rdt117-p4rdt405x_b1_1,1,12.47,1.05,0.95,-121.1365535745098,36.46137848710451,p4rdt117-p4rdt405x_b2_1,1,12.47,1.05,0.95,-121.1367121143858,36.46128181088394
219,l(r:p4rdt117-p4rdt405)_cont,p4rdt117-p4rdt405x_b2_1,p4rdt117,1,1,6.439104,n,1p_oh_al_acsr_#2_sparrow_1,False,p4rdt117-p4rdt405x_b2_1,1,12.47,1.05,0.95,-121.1367121143858,36.46128181088394,p4rdt117,1,12.47,1.05,0.95,-121.18282988787014,36.47896236295497
220,l(r:p4rdt354-p4rdt405)_disconnect,p4rdt354-p4rdt405x_b1_1,p4rdt354-p4rdt405x_b2_1,1,1,0.001,y,1p_oh_al_acsr_#2_sparrow_1,False,p4rdt354-p4rdt405x_b1_1,1,12.47,1.05,0.95,-121.14155024503815,36.48625345438784,p4rdt354-p4rdt405x_b2_1,1,12.47,1.05,0.95,-121.14136119773435,36.4862234674228
221,l(r:p4rdt354-p4rdt405)_cont,p4rdt354-p4rdt405x_b2_1,p4rdt405,1,1,5.284818,n,1p_oh_al_acsr_#2_sparrow_1,False,p4rdt354-p4rdt405x_b2_1,1,12.47,1.05,0.95,-121.14136119773435,36.4862234674228,p4rdt405,1,12.47,1.05,0.95,-121.12984626335952,36.45990733196707
222,l(r:p4rdt309-p4rdt84)_disconnect,p4rdt309_b1_1,p4rdt309_b2_1,123,123,0.001,y,3p_oh_al_acsr_4/0_penguin_3,False,p4rdt309_b1_1,123,12.47,1.05,0.95,-121.12973630249373,36.49894950093117,p4rdt309_b2_1,123,12.47,1.05,0.95,-121.12989211144432,36.49896997167806
223,l(r:p4rdt309-p4rdt84)_cont,p4rdt309_b2_1,p4rdt84,123,123,1.24839,n,3p_oh_al_acsr_4/0_penguin_3,False,p4rdt309_b2_1,123,12.47,1.05,0.95,-121.12989211144432,36.49896997167806,p4rdt84,123,12.47,1.05,0.95,-121.14196265790717,36.49592885628584
224,l(r:p4rdt384-p4rdt434)_disconnect,p4rdt384-p4rdt434x_b1_1,p4rdt384-p4rdt434x_b2_1,123,123,0.001,y,3p_oh_al_acsr_4/0_penguin_3,False,p4rdt384-p4rdt434x_b1_1,123,12.47,1.05,0.95,-121.1360145215275,36.521600233836345,p4rdt384-p4rdt434x_b2_1,123,12.47,1.05,0.95,-121.13597116497387,36.52154547354454
225,l(r:p4rdt384-p4rdt434)_cont,p4rdt384-p4rdt434x_b2_1,p4rdt384,123,123,2.218032,n,3p_oh_al_acsr_4/0_penguin_3,False,p4rdt384-p4rdt434x_b2_1,123,12.47,1.05,0.95,-121.13597116497387,36.52154547354454,p4rdt384,123,12.47,1.05,0.95,-121.14532864043993,36.53063587324891
226,l(r:p4rdt310-p4rdt436)_disconnect,p4rdt310_b1_1,p4rdt310_b2_1,123,123,0.001,y,3p_oh_al_acsr_4/0_penguin_3,False,p4rdt310_b1_1,123,12.47,1.05,0.95,-121.1341190591469,36.509383987294825,p4rdt310_b2_1,123,12.47,1.05,0.95,-121.13408189624612,36.50953663984854
227,l(r:p4rdt310-p4rdt436)_cont,p4rdt310_b2_1,p4rdt436,123,123,1.364679,n,3p_oh_al_acsr_4/0_penguin_3,False,p4rdt310_b2_1,123,12.47,1.05,0.95,-121.13408189624612,36.50953663984854,p4rdt436,123,12.47,1.05,0.95,-121.1353472099423,36.517602887638915
228,l(r:p4rdt309-p4rdt310)_disconnect,p4rdt309-p4rdt310x_b1_1,p4rdt309-p4rdt310x_b2_1,123,123,0.001,y,3p_oh_al_acsr_4/0_penguin_3,False,p4rdt309-p4rdt310x_b1_1,123,12.47,1.05,0.95,-121.13033895200557,36.49895894978965,p4rdt309-p4rdt310x_b2_1,123,12.47,1.05,0.95,-121.13103180962615,36.4990059226845
229,l(r:p4rdt309-p4rdt310)_cont,p4rdt309-p4rdt310x_b2_1,p4rdt310,123,123,1.634328,n,3p_oh_al_acsr_4/0_penguin_3,False,p4rdt309-p4rdt310x_b2_1,123,12.47,1.05,0.95,-121.13103180962615,36.4990059226845,p4rdt310,123,12.47,1.05,0.95,-121.13384397666901,36.508123936127376
230,l(r:p4rdt309-p4rdt354)_disconnect,p4rdt309-p4rdt354x_b1_1,p4rdt309-p4rdt354x_b2_1,123,123,0.001,y,3p_oh_al_acsr_4/0_penguin_3,False,p4rdt309-p4rdt354x_b1_1,123,12.47,1.05,0.95,-121.14213649727274,36.485693812863246,p4rdt309-p4rdt354x_b2_1,123,12.47,1.05,0.95,-121.14211901192856,36.48578902817635
231,l(r:p4rdt309-p4rdt354)_cont,p4rdt309-p4rdt354x_b2_1,p4rdt309,123,123,4.19229,n,3p_oh_al_acsr_4/0_penguin_3,False,p4rdt309-p4rdt354x_b2_1,123,12.47,1.05,0.95,-121.14211901192856,36.48578902817635,p4rdt309,123,12.47,1.05,0.95,-121.12832579320555,36.4985346574617
232,sb1_p4rhs8_1247_trans_29,sb1_p4rhs8_1247_node_1_3,sb1_p4rhs8_1247_node_1_4,123,123,,,,,sb1_p4rhs8_1247_node_1_3,123,69.0,1.05,0.95,-121.14458140200657,36.483741390204926,sb1_p4rhs8_1247_node_1_4,123,12.47,1.05,0.95,-121.1445836763623,36.48364603949694
233,tr(r:p4rdt86-p4rdt86lv),p4rdt86,p4rdt86lv,1,10,,,,,p4rdt86,1,12.47,1.05,0.95,-121.14572273223219,36.4936798389156,p4rdt86lv,12,0.208,1.05,0.95,-121.14572945502599,36.49372166517882
234,tr(r:p4rdt119-p4rdt119lv),p4rdt119,p4rdt119lv,1,10,,,,,p4rdt119,1,12.47,1.05,0.95,-121.18022311633152,36.48203347360405,p4rdt119lv,12,0.208,1.05,0.95,-121.18022985703215,36.4820752984929
235,tr(r:p4rdt120-p4rdt120lv),p4rdt120,p4rdt120lv,1,10,,,,,p4rdt120,1,12.47,1.05,0.95,-121.18843009513087,36.483348221714486,p4rdt120lv,12,0.208,1.05,0.95,-121.188436840349,36.48339004625696
236,tr(r:p4rdt145-p4rdt145lv),p4rdt145,p4rdt145lv,3,10,,,,,p4rdt145,3,12.47,1.05,0.95,-121.17201625289196,36.49292858954968,p4rdt145lv,12,0.208,1.05,0.95,-121.17200951594006,36.49288676436656
237,tr(r:p4rdt146-p4rdt146lv),p4rdt146,p4rdt146lv,3,10,,,,,p4rdt146,3,12.47,1.05,0.95,-121.17125787011308,36.49256877177685,p4rdt146lv,12,0.208,1.05,0.95,-121.17126460663854,36.492610596992414
238,tr(r:p4rdt181-p4rdt181lv),p4rdt181,p4rdt181lv,2,10,,,,,p4rdt181,2,12.47,1.05,0.95,-121.15958430777748,36.54380389414443,p4rdt181lv,12,0.208,1.05,0.95,-121.1595910412385,36.54384571962607
239,tr(r:p4rdt210-p4rdt210lv),p4rdt210,p4rdt210lv,1,10,,,,,p4rdt210,1,12.47,1.05,0.95,-121.2099113102767,36.49219631894137,p4rdt210lv,12,0.208,1.05,0.95,-121.20990455289203,36.4921544953325
240,tr(r:p4rdt252-p4rdt252lv),p4rdt252,p4rdt252lv,2,10,,,,,p4rdt252,2,12.47,1.05,0.95,-121.15840435253044,36.550690205273966,p4rdt252lv,12,0.208,1.05,0.95,-121.15841108578928,36.55073203077529
241,tr(r:p4rdt253-p4rdt253lv),p4rdt253,p4rdt253lv,2,10,,,,,p4rdt253,2,12.47,1.05,0.95,-121.15880720860878,36.548307785016306,p4rdt253lv,12,0.208,1.05,0.95,-121.15881394193467,36.548349610511046
242,tr(r:p4rdt351-p4rdt351lv),p4rdt351,p4rdt351lv,2,10,,,,,p4rdt351,2,12.47,1.05,0.95,-121.14751878890834,36.49045376223867,p4rdt351lv,12,0.208,1.05,0.95,-121.14752551246976,36.49049558844167
243,tr(r:p4rdt382-p4rdt382lv),p4rdt382,p4rdt382lv,2,10,,,,,p4rdt382,2,12.47,1.05,0.95,-121.15046064748721,36.535096281796456,p4rdt382lv,12,0.208,1.05,0.95,-121.15045391952368,36.53505445590146
244,tr(r:p4rdt388-p4rdt388lv),p4rdt388,p4rdt388lv,2,10,,,,,p4rdt388,2,12.47,1.05,0.95,-121.1445064741085,36.53667465378254,p4rdt388lv,12,0.208,1.05,0.95,-121.14451319895461,36.53671647991538
245,tr(r:p4rdt392-p4rdt392lv),p4rdt392,p4rdt392lv,2,10,,,,,p4rdt392,2,12.47,1.05,0.95,-121.14768479692547,36.53693322713891,p4rdt392lv,12,0.208,1.05,0.95,-121.14765924313478,36.53697083878839
246,tr(r:p4rdt406-p4rdt406lv),p4rdt406,p4rdt406lv,3,10,,,,,p4rdt406,3,12.47,1.05,0.95,-121.17035643474284,36.49150032784306,p4rdt406lv,12,0.208,1.05,0.95,-121.17036317071333,36.49154215310045
